{"cameraMode":{"drawMode":0,"name":"Shaded","section":"Shading Mode"},"sceneLighting":true,"audioPlay":false,"sceneViewState":{"showFog":true,"showMaterialUpdate":false,"showSkybox":true,"showFlares":true,"showImageEffects":true,"showParticleSystems":true,"showVisualEffectGraphs":true,"m_FxEnabled":true},"in2DMode":false,"pivot":{"x":-95.94464874267578,"y":-205.27069091796876,"z":243.84542846679688},"rotation":{"x":-0.30952224135398867,"y":0.16630415618419648,"z":-0.055074770003557208,"w":-0.9346076846122742},"size":181.41835021972657,"orthographic":false}