{"cameraMode":{"drawMode":0,"name":"Shaded","section":"Shading Mode"},"sceneLighting":true,"audioPlay":false,"sceneViewState":{"showFog":true,"showMaterialUpdate":false,"showSkybox":true,"showFlares":true,"showImageEffects":true,"showParticleSystems":true,"showVisualEffectGraphs":true,"m_FxEnabled":true},"in2DMode":false,"pivot":{"x":0.08761116117238999,"y":1.2343237400054932,"z":-1.8583590984344483},"rotation":{"x":0.006344806868582964,"y":0.9801051020622253,"z":-0.19541719555854798,"w":0.030630752444267274},"size":2.0008583068847658,"orthographic":false}