{"cameraMode":{"drawMode":0,"name":"Shaded","section":"Shading Mode"},"sceneLighting":true,"audioPlay":false,"sceneViewState":{"showFog":true,"showMaterialUpdate":false,"showSkybox":true,"showFlares":true,"showImageEffects":true,"showParticleSystems":true,"showVisualEffectGraphs":true,"m_FxEnabled":true},"in2DMode":false,"pivot":{"x":0.5458741188049316,"y":-1.9993090629577637,"z":-12.381669998168946},"rotation":{"x":0.03826991096138954,"y":0.952847957611084,"z":-0.13553555309772492,"w":0.26862049102783205},"size":11.931402206420899,"orthographic":false}