{"cameraMode":{"drawMode":0,"name":"Shaded","section":"Shading Mode"},"sceneLighting":true,"audioPlay":false,"sceneViewState":{"showFog":true,"showMaterialUpdate":false,"showSkybox":true,"showFlares":true,"showImageEffects":true,"showParticleSystems":true,"showVisualEffectGraphs":true,"m_FxEnabled":true},"in2DMode":false,"pivot":{"x":0.6929399967193604,"y":0.9410078525543213,"z":-5.683712959289551},"rotation":{"x":-0.029338927939534189,"y":0.9581836462020874,"z":-0.26395758986473086,"w":-0.10650640726089478},"size":1.207395076751709,"orthographic":false}