{"cameraMode":{"drawMode":0,"name":"Shaded","section":"Shading Mode"},"sceneLighting":false,"audioPlay":false,"sceneViewState":{"showFog":true,"showMaterialUpdate":false,"showSkybox":false,"showFlares":true,"showImageEffects":true,"showParticleSystems":true,"showVisualEffectGraphs":true,"m_FxEnabled":true},"in2DMode":false,"pivot":{"x":2.605478525161743,"y":-0.29399678111076357,"z":-1.5298556089401246},"rotation":{"x":0.10141203552484513,"y":0.7558639049530029,"z":-0.12003426998853684,"w":0.6354255676269531},"size":5.5693464279174809,"orthographic":false}